,COUNTY,ALR_VALB,EAL_VALB,EAL_VALT,RISK_VALUE,RISK_SCORE,RISK_SPCTL,EAL_SPCTL,BUILDVALUE,AREA,DISASTER,DISASTER_DATE
0,Alameda,0.002475339852833,823284704.245469,1212128361.7253647,1368904673.4287727,99.87273305758828,94.82758620689656,96.55172413793105,332594614555.0,829.49886279,"Severe winter storms, Severe winter storms, Severe winter storms, Severe winter storms, Winter Storms, Drought, Drought – Klamath River Watershed, Sacramento-San Joaquin Delta Watershed, and Tulare Lake Watershed, Fires, High winds and wildfires, Storm System, Wildfires, Wildfires, Drought, ","2023-03-01 00:00:00, 2023-02-01 00:00:00, 2023-01-01 00:00:00, 2022-12-27 00:00:00, 2021-12-01 00:00:00, 2021-10-01 00:00:00, 2021-05-10 00:00:00, 2020-08-01 00:00:00, 2019-10-27 00:00:00, 2017-01-01 00:00:00, 2015-07-01 00:00:00, 2015-06-01 00:00:00, 2014-01-01 00:00:00, "
1,Alpine,0.001326496536697,1142909.076435012,2245830.942667637,3031424.1917666886,23.92618517340121,1.724137931034483,1.724137931034483,861599744.0,750.69146529,"Severe winter storms, Severe winter storms, Severe winter storms, Severe winter storms, Storm System, Storm System, Storm System, Storm System, Storm System, Storm System, Storm System, Drought, Fire (Caldor Fire), Fires (Dixie, Fly, and Tamarack Fires), Drought – Klamath River Watershed, Sacramento-San Joaquin Delta Watershed, and Tulare Lake Watershed, Fires, High winds and wildfires, Storm System, Wildfires, Wildfires, Drought, ","2023-03-01 00:00:00, 2023-02-01 00:00:00, 2023-01-01 00:00:00, 2022-12-27 00:00:00, 2022-08-07 00:00:00, 2022-08-06 00:00:00, 2022-08-05 00:00:00, 2022-08-04 00:00:00, 2022-08-03 00:00:00, 2022-08-02 00:00:00, 2022-08-01 00:00:00, 2021-10-01 00:00:00, 2021-08-30 00:00:00, 2021-07-23 00:00:00, 2021-05-10 00:00:00, 2020-08-01 00:00:00, 2019-10-27 00:00:00, 2017-01-01 00:00:00, 2015-07-01 00:00:00, 2015-06-01 00:00:00, 2014-01-01 00:00:00, "
2,Amador,0.00106109128743,8622287.357739158,16309058.747849705,17696836.46767155,77.79191854915686,12.06896551724138,17.24137931034483,8125867642.0,612.0676341000001,"Severe winter storms, Severe winter storms, Severe winter storms, Severe winter storms, Winter Storms, Storms, Drought, Fire (Caldor Fire), Drought – Klamath River Watershed, Sacramento-San Joaquin Delta Watershed, and Tulare Lake Watershed, Fires, High winds and wildfires, Winter storms, Winter storms, Winter Storms, Storm System, Wildfire (Butte Fire), Wildfires, Wildfires, Wildfires, Drought, ","2023-03-01 00:00:00, 2023-02-01 00:00:00, 2023-01-01 00:00:00, 2022-12-27 00:00:00, 2021-12-01 00:00:00, 2021-10-01 00:00:00, 2021-10-01 00:00:00, 2021-08-30 00:00:00, 2021-05-10 00:00:00, 2020-08-01 00:00:00, 2019-10-27 00:00:00, 2019-02-01 00:00:00, 2019-01-01 00:00:00, 2018-03-01 00:00:00, 2017-01-01 00:00:00, 2015-09-11 00:00:00, 2015-07-01 00:00:00, 2015-06-01 00:00:00, 2014-08-01 00:00:00, 2014-01-01 00:00:00, "
3,Butte,0.001486878321542,63214942.63509665,134267740.45087844,167225054.57114,97.16831053133949,60.3448275862069,60.3448275862069,42515209025.0,1694.06220711,"Severe winter storms, Severe winter storms, Severe winter storms, Severe winter storms, Storms, Drought, Fires (Dixie, Fly, and Tamarack Fires), Drought – Klamath River Watershed, Sacramento-San Joaquin Delta Watershed, and Tulare Lake Watershed, Fires, High winds and wildfires, Wildfire (Camp Fire), Wildfires (Cherokee, LaPorte, Sulphur, Potter, Cascade, Lobo, and Canyon Fires.), Wildfire (Ponderosa Fire), Wildfire (Wall Fire), Lake Oroville Dam Erosion and Flooding, Storm System, Wildfires, Wildfires, Wildfires, Drought, ","2023-03-01 00:00:00, 2023-02-01 00:00:00, 2023-01-01 00:00:00, 2022-12-27 00:00:00, 2021-10-01 00:00:00, 2021-10-01 00:00:00, 2021-07-23 00:00:00, 2021-05-10 00:00:00, 2020-08-01 00:00:00, 2019-10-27 00:00:00, 2018-11-01 00:00:00, 2017-10-01 00:00:00, 2017-09-01 00:00:00, 2017-07-01 00:00:00, 2017-02-01 00:00:00, 2017-01-01 00:00:00, 2015-07-01 00:00:00, 2015-06-01 00:00:00, 2014-08-01 00:00:00, 2014-01-01 00:00:00, "
4,Calaveras,0.001874957267402,24748010.373441648,28359806.93814634,30374240.99569046,86.44607063315304,24.13793103448276,24.13793103448276,13199239686.0,1047.39447072,"Severe winter storms, Severe winter storms, Severe winter storms, Severe winter storms, Winter Storms, Drought, Drought – Klamath River Watershed, Sacramento-San Joaquin Delta Watershed, and Tulare Lake Watershed, Fires, High winds and wildfires, Winter storms, Winter storms, Storm System, Wildfire (Butte Fire), Wildfires, Wildfires, Drought, ","2023-03-01 00:00:00, 2023-02-01 00:00:00, 2023-01-01 00:00:00, 2022-12-27 00:00:00, 2021-12-01 00:00:00, 2021-10-01 00:00:00, 2021-05-10 00:00:00, 2020-08-01 00:00:00, 2019-10-27 00:00:00, 2019-02-01 00:00:00, 2019-01-01 00:00:00, 2017-01-01 00:00:00, 2015-09-11 00:00:00, 2015-07-01 00:00:00, 2015-06-01 00:00:00, 2014-01-01 00:00:00, "
5,Colusa,0.00166550711956,7109815.340033368,71260808.47832763,105313191.94863044,95.4183900731785,50.0,46.55172413793103,4268859170.0,1168.02722829,"Severe winter storms, Severe winter storms, Drought, Drought – Klamath River Watershed, Sacramento-San Joaquin Delta Watershed, and Tulare Lake Watershed, Fires, High winds and wildfires, Wildfires, Wildfires, Drought, ","2023-01-01 00:00:00, 2022-12-27 00:00:00, 2021-10-01 00:00:00, 2021-05-10 00:00:00, 2020-08-01 00:00:00, 2019-10-27 00:00:00, 2015-07-01 00:00:00, 2015-06-01 00:00:00, 2014-01-01 00:00:00, "
6,Contra Costa,0.001928472955774,421295962.02416176,596515812.6628598,661562637.584107,99.58638243716192,87.93103448275862,87.93103448275862,218460912694.0,812.02574349,"Severe winter storms, Severe winter storms, Severe winter storms, Severe winter storms, Storms, Drought, Drought – Klamath River Watershed, Sacramento-San Joaquin Delta Watershed, and Tulare Lake Watershed, Fires, High winds and wildfires, Storm System, Wildfires, Wildfires, Drought, ","2023-03-01 00:00:00, 2023-02-01 00:00:00, 2023-01-01 00:00:00, 2022-12-27 00:00:00, 2021-10-01 00:00:00, 2021-10-01 00:00:00, 2021-05-10 00:00:00, 2020-08-01 00:00:00, 2019-10-27 00:00:00, 2017-01-01 00:00:00, 2015-07-01 00:00:00, 2015-06-01 00:00:00, 2014-01-01 00:00:00, "
7,Del Norte,0.00201415694954,13859879.070852736,18494927.019515038,26228230.88722005,84.34616608335983,20.6896551724138,18.965517241379317,6881230916.0,1242.09566052,"Fires (Smith River Complex, Happy Camp Complex), Severe winter storms, Severe winter storms, Severe winter storms, Severe winter storms, Drought, Drought – Klamath River Watershed, Sacramento-San Joaquin Delta Watershed, and Tulare Lake Watershed, Fires (Slater, Bobcat, and Oak Fires), Fires, High winds and wildfires, Storm System, Rainstorms, Wildfires, Wildfires, Drought, ","2023-08-15 00:00:00, 2023-03-01 00:00:00, 2023-02-01 00:00:00, 2023-01-01 00:00:00, 2022-12-27 00:00:00, 2021-10-01 00:00:00, 2021-05-10 00:00:00, 2020-09-01 00:00:00, 2020-08-01 00:00:00, 2019-10-27 00:00:00, 2017-01-01 00:00:00, 2016-12-01 00:00:00, 2015-07-01 00:00:00, 2015-06-01 00:00:00, 2014-01-01 00:00:00, "
8,El Dorado,0.000964624565458,43033974.58090692,53072822.66776635,54116622.932473965,91.60038180082724,32.758620689655174,36.206896551724135,44612148728.0,1804.39429248,"Severe winter storms, Severe winter storms, Severe winter storms, Severe winter storms, Fires (Fairview and Mosquito Fires), Winter Storms, Drought, Fire (Caldor Fire), Drought – Klamath River Watershed, Sacramento-San Joaquin Delta Watershed, and Tulare Lake Watershed, Fires, High winds and wildfires, Winter storms, Winter storms, Storm System, Wildfires, Wildfires, Wildfires (King and Boles Fires), Wildfires, Drought, ","2023-03-01 00:00:00, 2023-02-01 00:00:00, 2023-01-01 00:00:00, 2022-12-27 00:00:00, 2022-09-01 00:00:00, 2021-12-01 00:00:00, 2021-10-01 00:00:00, 2021-08-17 00:00:00, 2021-05-10 00:00:00, 2020-08-01 00:00:00, 2019-10-27 00:00:00, 2019-02-01 00:00:00, 2019-01-01 00:00:00, 2017-01-01 00:00:00, 2015-07-01 00:00:00, 2015-06-01 00:00:00, 2014-09-17 00:00:00, 2014-08-01 00:00:00, 2014-01-01 00:00:00, "
9,Fresno,0.000571440626475,91605933.86315791,151424722.0010888,231090303.33674857,98.09099586382436,72.41379310344827,65.51724137931035,160307002371.0,6071.8121841,"Hurricane Hilary, Severe winter storms, Severe winter storms, Severe winter storms, Severe winter storms, Drought, Drought – Klamath River Watershed, Sacramento-San Joaquin Delta Watershed, and Tulare Lake Watershed, Fires (Creek, El Dorado, and Valley Fires), Fires (Creek, El Dorado, and Valley Fires), Fires, High winds and wildfires, Winter Storms, Storm System, Wildfires, Wildfires, Drought, ","2023-08-20 00:00:00, 2023-03-01 00:00:00, 2023-02-01 00:00:00, 2023-01-01 00:00:00, 2022-12-27 00:00:00, 2021-10-01 00:00:00, 2021-05-10 00:00:00, 2023-09-05 00:00:00, 2023-09-04 00:00:00, 2020-08-01 00:00:00, 2019-10-27 00:00:00, 2018-03-01 00:00:00, 2017-01-01 00:00:00, 2015-07-01 00:00:00, 2015-06-01 00:00:00, 2014-01-01 00:00:00, "
10,Glenn,0.001587808406837,10334938.783047456,72712326.90863475,93950290.1931032,94.81387209672287,43.103448275862064,48.27586206896552,6508933155.0,1340.37292155,"Severe winter storms, Severe winter storms, Severe winter storms, Severe winter storms, Storms, Drought, Drought – Klamath River Watershed, Sacramento-San Joaquin Delta Watershed, and Tulare Lake Watershed, Fires, High winds and wildfires, Winter storms, Winter storms, Wildfires, Wildfires, Drought, ","2023-03-01 00:00:00, 2023-02-01 00:00:00, 2023-01-01 00:00:00, 2022-12-27 00:00:00, 2021-10-01 00:00:00, 2021-10-01 00:00:00, 2021-05-10 00:00:00, 2020-08-01 00:00:00, 2019-10-27 00:00:00, 2019-02-01 00:00:00, 2019-01-01 00:00:00, 2015-07-01 00:00:00, 2015-06-01 00:00:00, 2014-01-01 00:00:00, "
11,Humboldt,0.003194815207657,89598217.85234883,118015866.71355072,160484184.97033378,97.00922685332483,58.620689655172406,56.896551724137936,28044882733.0,4093.16359335,"Severe winter storms, Severe winter storms, Severe winter storms, Severe winter storms, Earthquake, Winter Storms, Storms, Drought, Drought – Klamath River Watershed, Sacramento-San Joaquin Delta Watershed, and Tulare Lake Watershed, Fires, High winds and wildfires, Winter storms, Winter storms, Storm System, Rainstorms, Wildfires, Wildfires, Winter storms, Wildfires, Drought, ","2023-03-01 00:00:00, 2023-02-01 00:00:00, 2023-01-01 00:00:00, 2022-12-27 00:00:00, 2022-12-20 00:00:00, 2021-12-01 00:00:00, 2021-10-01 00:00:00, 2021-10-01 00:00:00, 2021-05-10 00:00:00, 2020-08-01 00:00:00, 2019-10-27 00:00:00, 2019-02-01 00:00:00, 2019-01-01 00:00:00, 2017-01-01 00:00:00, 2016-12-01 00:00:00, 2015-07-01 00:00:00, 2015-06-01 00:00:00, 2015-02-06 00:00:00, 2014-08-01 00:00:00, 2014-01-01 00:00:00, "
12,Imperial,0.002771067093171,92965902.53365175,135567859.1182383,230450355.00354367,98.05917912822144,70.6896551724138,62.068965517241374,33548773598.0,4525.87668897,"Hurricane Hilary, Severe winter storms, Severe winter storms, Severe winter storms, Severe winter storms, Tropical Storm Kay, Drought, Fires, High winds and wildfires, Wildfires, Wildfires, Rainstorms, Drought, ","2023-08-20 00:00:00, 2023-03-01 00:00:00, 2023-02-01 00:00:00, 2023-01-01 00:00:00, 2022-12-27 00:00:00, 2022-09-09 00:00:00, 2021-10-01 00:00:00, 2020-08-01 00:00:00, 2019-10-27 00:00:00, 2015-07-01 00:00:00, 2015-06-01 00:00:00, 2015-07-18 00:00:00, 2014-01-01 00:00:00, "
13,Inyo,0.001892696164752,9315613.617914906,12367523.951065172,16167683.91545634,75.88291441298122,10.344827586206897,8.620689655172415,4921874832.0,10330.34495649,"Hurricane Hilary, Severe winter storms, Severe winter storms, Severe winter storms, Severe winter storms, Tropical Storm Kay, Storm System, Storm System, Storm System, Storm System, Storm System, Storm System, Storm System, Drought, Drought, Fires, High winds and wildfires, Flooding (melting of snowpack), Storm System, Rainstorms, Wildfires, Wildfires, Drought, ","2023-08-20 00:00:00, 2023-03-01 00:00:00, 2023-02-01 00:00:00, 2023-01-01 00:00:00, 2022-12-27 00:00:00, 2022-09-09 00:00:00, 2022-08-07 00:00:00, 2022-08-06 00:00:00, 2022-08-05 00:00:00, 2022-08-04 00:00:00, 2022-08-03 00:00:00, 2022-08-02 00:00:00, 2022-08-01 00:00:00, 2021-10-01 00:00:00, 2021-07-08 00:00:00, 2020-08-01 00:00:00, 2019-10-27 00:00:00, 2017-10-01 00:00:00, 2017-01-01 00:00:00, 2015-10-01 00:00:00, 2015-07-01 00:00:00, 2015-06-01 00:00:00, 2014-01-01 00:00:00, "
14,Kern,0.001098353854113,161170951.30422917,246718363.48600167,348935217.6236055,99.01368119630924,79.3103448275862,77.58620689655173,146738640467.0,8247.345137850001,"Hurricane Hilary, Severe winter storms, Severe winter storms, Severe winter storms, Severe winter storms, Drought, Drought – Klamath River Watershed, Sacramento-San Joaquin Delta Watershed, and Tulare Lake Watershed, Fires, High winds and wildfires, Earthquakes, Earthquakes, Winter Storms, Storm System, Wildfire (Erskine Fire), Rainstorms, Wildfires, Wildfires, Rainstorms, Drought, ","2023-08-20 00:00:00, 2023-03-01 00:00:00, 2023-02-01 00:00:00, 2023-01-01 00:00:00, 2022-12-27 00:00:00, 2021-10-01 00:00:00, 2021-05-10 00:00:00, 2020-08-01 00:00:00, 2019-10-27 00:00:00, 2019-07-05 00:00:00, 2019-07-04 00:00:00, 2018-03-01 00:00:00, 2017-01-01 00:00:00, 2016-06-24 00:00:00, 2015-10-01 00:00:00, 2015-07-01 00:00:00, 2015-06-01 00:00:00, 2015-07-18 00:00:00, 2014-01-01 00:00:00, "
15,Kings,0.000732354145781,15805507.730485832,32860352.70196668,49931550.214623295,91.05949729557749,31.034482758620687,27.58620689655172,21581782286.0,1406.24882307,"Severe winter storms, Severe winter storms, Severe winter storms, Severe winter storms, Drought, Drought – Klamath River Watershed, Sacramento-San Joaquin Delta Watershed, and Tulare Lake Watershed, Fires, High winds and wildfires, Storm System, Wildfires, Wildfires, Drought, ","2023-03-01 00:00:00, 2023-02-01 00:00:00, 2023-01-01 00:00:00, 2022-12-27 00:00:00, 2021-10-01 00:00:00, 2021-05-10 00:00:00, 2020-08-01 00:00:00, 2019-10-27 00:00:00, 2017-01-01 00:00:00, 2015-07-01 00:00:00, 2015-06-01 00:00:00, 2014-01-01 00:00:00, "
16,Lake,0.001919462441759,27314305.36269876,38144373.228402,55851247.72257346,91.91854915685651,34.48275862068966,31.034482758620687,14230184852.0,1342.84835646,"Severe winter storms, Severe winter storms, Severe winter storms, Severe winter storms, Winter Storms, Storms, Drought, Fire (Cache Fire), Drought – Klamath River Watershed, Sacramento-San Joaquin Delta Watershed, and Tulare Lake Watershed, Fires, High winds and wildfires, Winter storms, Winter storms, Wildfires (River, Ranch, and Steele Fires), Wildfire (Pawnee Fire), Wildfires (Cherokee, LaPorte, Sulphur, Potter, Cascade, Lobo, and Canyon Fires.), Storm System, Wildfire (Clayton Fire), Wildfire (Valley Fire), Wildfires, Wildfires, Drought, ","2023-03-01 00:00:00, 2023-02-01 00:00:00, 2023-01-01 00:00:00, 2022-12-27 00:00:00, 2021-12-01 00:00:00, 2021-10-01 00:00:00, 2021-10-01 00:00:00, 2021-09-07 00:00:00, 2021-05-10 00:00:00, 2020-08-01 00:00:00, 2019-10-27 00:00:00, 2019-02-01 00:00:00, 2019-01-01 00:00:00, 2018-07-01 00:00:00, 2018-06-01 00:00:00, 2017-10-01 00:00:00, 2017-01-01 00:00:00, 2016-08-13 00:00:00, 2015-09-13 00:00:00, 2015-07-01 00:00:00, 2015-06-01 00:00:00, 2014-01-01 00:00:00, "
17,Lassen,0.00174467053839,10541726.802338775,13865656.205502858,15824322.944051445,75.34202990773147,8.620689655172415,10.344827586206897,6042244980.0,4767.766227900001,"Severe winter storms, Severe winter storms, Drought, Fires (Dixie, Fly, and Tamarack Fires), Fires (Beckwourth Complex and Lava Fires), Fires (Beckwourth Complex and Lava Fires), Drought – Klamath River Watershed, Sacramento-San Joaquin Delta Watershed, and Tulare Lake Watershed, Fires, High winds and wildfires, Storm System, Wildfires, Wildfires, Wildfires, Drought, ","2023-01-01 00:00:00, 2022-12-27 00:00:00, 2021-10-01 00:00:00, 2021-07-23 00:00:00, 2021-07-01 00:00:00, 2021-06-01 00:00:00, 2021-05-10 00:00:00, 2020-08-01 00:00:00, 2019-10-27 00:00:00, 2017-01-01 00:00:00, 2015-07-01 00:00:00, 2015-06-01 00:00:00, 2014-08-01 00:00:00, 2014-01-01 00:00:00, "
18,Los Angeles,0.00183086666451,2778736230.8822565,3916212454.0993447,5326192908.082921,100.0,100.0,100.0,1517716327871.0,4797.38355018,"Hurricane Hilary, Severe winter storms, Severe winter storms, Severe winter storms, Severe winter storms, Tropical Storm Kay, Fire (Route Fire), Winter Storms, Drought, Fires (Slater, Bobcat, and Oak Fires), Fires, High winds and wildfires, Wildfires (Kincade and Tick Fires), Wildfire (Saddleridge Fire), Winter storms, Winter storms, Wildfire (Hill & Woolsey Fires), Wildfires (Creek and Rye Fires), Wildfire (La Tuna Fire), Storm System, Wildfire (Sand Fire), Aliso Canyon natural gas leak, Rainstorms, Wildfires, Wildfires, Rainstorms, Drought, Wildfire (Powerhouse Fire), Wildfire (Powerhouse Fire), Wildfire (Powerhouse Fire), Wildfire (Powerhouse Fire), Wildfire (Powerhouse Fire), Wildfire (Powerhouse Fire), Wildfire (Powerhouse Fire), Wildfire (Powerhouse Fire), Wildfire (Powerhouse Fire), Wildfire (Powerhouse Fire), Wildfire (Powerhouse Fire), Wildfire (Powerhouse Fire), Wildfire (Powerhouse Fire), ","2023-08-20 00:00:00, 2023-03-01 00:00:00, 2023-02-01 00:00:00, 2023-01-01 00:00:00, 2022-12-27 00:00:00, 2022-09-09 00:00:00, 2022-08-31 00:00:00, 2021-12-01 00:00:00, 2021-10-01 00:00:00, 2020-09-01 00:00:00, 2020-08-01 00:00:00, 2019-10-27 00:00:00, 2019-10-25 00:00:00, 2019-10-10 00:00:00, 2019-02-01 00:00:00, 2019-01-01 00:00:00, 2018-11-01 00:00:00, 2017-12-01 00:00:00, 2017-09-01 00:00:00, 2017-01-01 00:00:00, 2016-07-22 00:00:00, 2015-10-23 00:00:00, 2015-10-01 00:00:00, 2015-07-01 00:00:00, 2015-06-01 00:00:00, 2015-07-18 00:00:00, 2014-01-01 00:00:00, 2013-06-11 00:00:00, 2013-06-10 00:00:00, 2013-06-09 00:00:00, 2013-06-08 00:00:00, 2013-06-07 00:00:00, 2013-06-06 00:00:00, 2013-06-05 00:00:00, 2013-06-04 00:00:00, 2013-06-03 00:00:00, 2013-06-02 00:00:00, 2013-06-01 00:00:00, 2013-05-31 00:00:00, 2013-05-30 00:00:00, "
19,Madera,0.001611753591411,44594157.221607,63720373.043695934,89629893.97867443,94.65478841870824,41.3793103448276,39.6551724137931,27668098560.0,2174.97672132,"Severe winter storms, Severe winter storms, Severe winter storms, Severe winter storms, Fires (Barnes, Fork, and Mountain Fires), Drought, Drought – Klamath River Watershed, Sacramento-San Joaquin Delta Watershed, and Tulare Lake Watershed, Windstorm, Fires (Creek, El Dorado, and Valley Fires), Fires (Creek, El Dorado, and Valley Fires), Fires, High winds and wildfires, Wildfires ( Railroad Fire, Pier Fire, Mission Fire, and Peak Fire), Storm System, Wildfires, Wildfires, Wildfires, Drought, ","2023-03-01 00:00:00, 2023-02-01 00:00:00, 2023-01-01 00:00:00, 2022-12-27 00:00:00, 2022-09-01 00:00:00, 2021-10-01 00:00:00, 2021-05-10 00:00:00, 2021-01-18 00:00:00, 2023-09-05 00:00:00, 2023-09-04 00:00:00, 2020-08-01 00:00:00, 2019-10-27 00:00:00, 2017-09-01 00:00:00, 2017-01-01 00:00:00, 2015-07-01 00:00:00, 2015-06-01 00:00:00, 2014-08-01 00:00:00, 2014-01-01 00:00:00, "
20,Marin,0.001486434557882,93304000.8230801,122042804.68086688,124917718.49677658,96.02290804963408,55.172413793103445,58.620689655172406,62770338814.0,836.53731915,"Severe winter storms, Severe winter storms, Severe winter storms, Severe winter storms, Winter Storms, Storms, Drought, Drought, Fires, High winds and wildfires, Winter storms, Winter storms, Storm System, Wildfires, Wildfires, Winter storms, Drought, ","2023-03-01 00:00:00, 2023-02-01 00:00:00, 2023-01-01 00:00:00, 2022-12-27 00:00:00, 2021-12-01 00:00:00, 2021-10-01 00:00:00, 2021-10-01 00:00:00, 2021-07-08 00:00:00, 2020-08-01 00:00:00, 2019-10-27 00:00:00, 2019-02-01 00:00:00, 2019-01-01 00:00:00, 2017-01-01 00:00:00, 2015-07-01 00:00:00, 2015-06-01 00:00:00, 2014-12-01 00:00:00, 2014-01-01 00:00:00, "
21,Mariposa,0.003120444412278,13858867.435133051,14763212.436345968,19940675.86152412,79.86000636334713,15.517241379310343,12.06896551724138,4441312071.0,1477.5921615000002,"Severe winter storms, Severe winter storms, Severe winter storms, Severe winter storms, Fire (Oak Fire), Drought, Drought – Klamath River Watershed, Sacramento-San Joaquin Delta Watershed, and Tulare Lake Watershed, Windstorm, Fires (Creek, El Dorado, and Valley Fires), Fires (Creek, El Dorado, and Valley Fires), Fires, High winds and wildfires, Wildfire (Ferguson Fire), Winter Storms, Wildfires ( Railroad Fire, Pier Fire, Mission Fire, and Peak Fire), Wildfire (Detwiler Fire), Wildfires, Wildfires, Wildfires, Drought, Wildfire (Rim Fire), ","2023-03-01 00:00:00, 2023-02-01 00:00:00, 2023-01-01 00:00:00, 2022-12-27 00:00:00, 2022-07-01 00:00:00, 2021-10-01 00:00:00, 2021-05-10 00:00:00, 2021-01-18 00:00:00, 2023-09-05 00:00:00, 2023-09-04 00:00:00, 2020-08-01 00:00:00, 2019-10-27 00:00:00, 2018-07-01 00:00:00, 2018-03-01 00:00:00, 2017-09-01 00:00:00, 2017-07-01 00:00:00, 2015-07-01 00:00:00, 2015-06-01 00:00:00, 2014-08-01 00:00:00, 2014-01-01 00:00:00, 2013-08-17 00:00:00, "
22,Mendocino,0.002035000725652,46293634.715409,65526347.92068847,98452313.64403167,95.10022271714922,44.82758620689656,41.3793103448276,22748706736.0,3917.30541813,"Severe winter storms, Severe winter storms, Severe winter storms, Severe winter storms, Storms, Drought, Drought – Russian River Watershed, Fires (Slater, Bobcat, and Oak Fires), Fires, High winds and wildfires, Winter storms, Winter storms, Wildfires (River, Ranch, and Steele Fires), Wildfires (Cherokee, LaPorte, Sulphur, Potter, Cascade, Lobo, and Canyon Fires.), Storm System, Rainstorms, Wildfires, Wildfires, Winter storms, Winter storms, Wildfires, Drought, ","2023-03-01 00:00:00, 2023-02-01 00:00:00, 2023-01-01 00:00:00, 2022-12-27 00:00:00, 2021-10-01 00:00:00, 2021-10-01 00:00:00, 2021-04-21 00:00:00, 2020-09-01 00:00:00, 2020-08-01 00:00:00, 2019-10-27 00:00:00, 2019-02-01 00:00:00, 2019-01-01 00:00:00, 2018-07-01 00:00:00, 2017-10-01 00:00:00, 2017-01-01 00:00:00, 2016-12-01 00:00:00, 2015-07-01 00:00:00, 2015-06-01 00:00:00, 2015-02-06 00:00:00, 2014-12-01 00:00:00, 2014-08-01 00:00:00, 2014-01-01 00:00:00, "
23,Merced,0.000830007141413,42573965.86904769,66903559.44859072,103675045.55583702,95.32293986636972,48.27586206896552,44.82758620689656,51293493447.0,1998.62705913,"Severe winter storms, Severe winter storms, Severe winter storms, Severe winter storms, Drought, Drought – Klamath River Watershed, Sacramento-San Joaquin Delta Watershed, and Tulare Lake Watershed, Fires, High winds and wildfires, Winter Storms, Storm System, Wildfires, Wildfires, Drought, ","2023-03-01 00:00:00, 2023-02-01 00:00:00, 2023-01-01 00:00:00, 2022-12-27 00:00:00, 2021-10-01 00:00:00, 2021-05-10 00:00:00, 2020-08-01 00:00:00, 2019-10-27 00:00:00, 2018-03-01 00:00:00, 2017-01-01 00:00:00, 2015-07-01 00:00:00, 2015-06-01 00:00:00, 2014-01-01 00:00:00, "
24,Modoc,0.002134623404815,6201081.212987873,15696944.2941096,21233552.831800725,80.84632516703786,17.24137931034483,13.79310344827586,2905000104.0,4245.68858766,"Severe winter storms, Severe winter storms, Severe winter storms, Severe winter storms, Fires (Barnes, Fork, and Mountain Fires), Drought, Drought – Klamath River Watershed, Sacramento-San Joaquin Delta Watershed, and Tulare Lake Watershed, Fires, High winds and wildfires, Winter storms, Winter storms, Wildfires, Storm System, Wildfires, Wildfires, Wildfires, Drought, ","2023-03-01 00:00:00, 2023-02-01 00:00:00, 2023-01-01 00:00:00, 2022-12-27 00:00:00, 2022-09-01 00:00:00, 2021-10-01 00:00:00, 2021-05-10 00:00:00, 2020-08-01 00:00:00, 2019-10-27 00:00:00, 2019-02-01 00:00:00, 2019-01-01 00:00:00, 2017-07-01 00:00:00, 2017-01-01 00:00:00, 2015-07-01 00:00:00, 2015-06-01 00:00:00, 2014-08-01 00:00:00, 2014-01-01 00:00:00, "
25,Mono,0.001557815805121,6818881.860548062,9549953.640581876,11151679.566634951,67.80146356983774,5.172413793103448,6.896551724137931,4377206752.0,3163.4149583400003,"Severe winter storms, Severe winter storms, Severe winter storms, Severe winter storms, Drought, Drought, Fire (Mountain View Fire), Fires, High winds and wildfires, Winter storms, Winter storms, Flooding (melting of snowpack), Storm System, Wildfires, Wildfires, Wildfire, Drought, ","2023-03-01 00:00:00, 2023-02-01 00:00:00, 2023-01-01 00:00:00, 2022-12-27 00:00:00, 2021-10-01 00:00:00, 2021-07-08 00:00:00, 2020-11-17 00:00:00, 2020-08-01 00:00:00, 2019-10-27 00:00:00, 2019-02-01 00:00:00, 2019-01-01 00:00:00, 2017-10-01 00:00:00, 2017-01-01 00:00:00, 2015-07-01 00:00:00, 2015-06-01 00:00:00, 2015-02-06 00:00:00, 2014-01-01 00:00:00, "
26,Monterey,0.00161810414057,123634381.9677822,192004893.3279788,263588413.77456972,98.37734648425072,75.86206896551725,74.13793103448275,76406937519.0,3809.2926378,"Severe winter storms, Severe winter storms, Severe winter storms, Severe winter storms, Fire (Colorado Fire), Fire (Colorado Fire), Winter Storms, Storms, Drought, Drought, Winter Storms, Fires, High winds and wildfires, Winter storms, Winter storms, Storm System, Wildfire (Soberanes Fire), Wildfires, Wildfires, Drought, ","2023-03-01 00:00:00, 2023-02-01 00:00:00, 2023-01-01 00:00:00, 2022-12-27 00:00:00, 2022-07-01 00:00:00, 2022-01-01 00:00:00, 2021-12-01 00:00:00, 2021-10-01 00:00:00, 2021-10-01 00:00:00, 2021-07-08 00:00:00, 2021-01-29 00:00:00, 2020-08-01 00:00:00, 2019-10-27 00:00:00, 2019-02-01 00:00:00, 2019-01-01 00:00:00, 2017-01-01 00:00:00, 2016-07-22 00:00:00, 2015-07-01 00:00:00, 2015-06-01 00:00:00, 2014-01-01 00:00:00, "
27,Napa,0.002220161743808,74517078.00452262,179102840.09642157,210300736.58174217,97.67737830098632,67.24137931034483,72.41379310344827,33563805976.0,796.49527308,"Severe winter storms, Severe winter storms, Severe winter storms, Severe winter storms, Winter Storms, Storms, Drought, Drought – Klamath River Watershed, Sacramento-San Joaquin Delta Watershed, and Tulare Lake Watershed, Fires (Glass and Zogg Fires), Fires, High winds and wildfires, Wildfires (River, Ranch, and Steele Fires), Wildfires (Tubbs & Atlas Fire), Storm System, Wildfire (Valley Fire), Wildfires, Wildfires, Earthquake, Drought, ","2023-03-01 00:00:00, 2023-02-01 00:00:00, 2023-01-01 00:00:00, 2022-12-27 00:00:00, 2021-12-01 00:00:00, 2021-10-01 00:00:00, 2021-10-01 00:00:00, 2021-05-10 00:00:00, 2020-09-27 00:00:00, 2020-08-01 00:00:00, 2019-10-27 00:00:00, 2018-07-01 00:00:00, 2017-10-01 00:00:00, 2017-01-01 00:00:00, 2015-09-13 00:00:00, 2015-07-01 00:00:00, 2015-06-01 00:00:00, 2014-08-24 00:00:00, 2014-01-01 00:00:00, "
28,Nevada,0.000985038236843,23657474.49652276,26325480.151592143,25839061.106918663,84.09163219853643,18.965517241379317,22.41379310344828,24016808294.0,983.62652466,"Severe winter storms, Severe winter storms, Severe winter storms, Severe winter storms, Winter Storms, Drought, Fires (Antelope and River Fires), Drought – Klamath River Watershed, Sacramento-San Joaquin Delta Watershed, and Tulare Lake Watershed, Fires, High winds and wildfires, Wildfires (Cherokee, LaPorte, Sulphur, Potter, Cascade, Lobo, and Canyon Fires.), Storm System, Wildfires, Wildfires, Drought, ","2023-03-01 00:00:00, 2023-02-01 00:00:00, 2023-01-01 00:00:00, 2022-12-27 00:00:00, 2021-12-01 00:00:00, 2021-10-01 00:00:00, 2021-08-05 00:00:00, 2021-05-10 00:00:00, 2020-08-01 00:00:00, 2019-10-27 00:00:00, 2017-10-01 00:00:00, 2017-01-01 00:00:00, 2015-07-01 00:00:00, 2015-06-01 00:00:00, 2014-01-01 00:00:00, "
29,Orange,0.001355135740597,732036877.7579396,989276586.3180937,1246484361.2503436,99.77728285077951,91.3793103448276,91.3793103448276,540194502903.0,959.30460756,"Hurricane Hilary, Severe winter storms, Severe winter storms, Severe winter storms, Severe winter storms, Winter Storms, Drought, Fires, High winds and wildfires, Winter storms, Winter storms, Wildfire (Holy Fire), Wildfires (Cherokee, LaPorte, Sulphur, Potter, Cascade, Lobo, and Canyon Fires.), Storm System, Wildfires, Wildfires, Drought, ","2023-08-20 00:00:00, 2023-03-01 00:00:00, 2023-02-01 00:00:00, 2023-01-01 00:00:00, 2022-12-27 00:00:00, 2021-12-01 00:00:00, 2021-10-01 00:00:00, 2020-08-01 00:00:00, 2019-10-27 00:00:00, 2019-02-01 00:00:00, 2019-01-01 00:00:00, 2018-08-01 00:00:00, 2017-10-01 00:00:00, 2017-01-01 00:00:00, 2015-07-01 00:00:00, 2015-06-01 00:00:00, 2014-01-01 00:00:00, "
30,Placer,0.00034882538321,32852417.31349416,45477769.63770629,41346901.16883151,89.3413935730194,27.58620689655172,34.48275862068966,94180122476.0,1517.40140994,"Severe winter storms, Severe winter storms, Severe winter storms, Severe winter storms, Fires (Fairview and Mosquito Fires), Winter Storms, Storms, Drought, Fire (Caldor Fire), Fires (Antelope and River Fires), Drought – Klamath River Watershed, Sacramento-San Joaquin Delta Watershed, and Tulare Lake Watershed, Fires, High winds and wildfires, Storm System, Wildfires, Wildfires, Drought, ","2023-03-01 00:00:00, 2023-02-01 00:00:00, 2023-01-01 00:00:00, 2022-12-27 00:00:00, 2022-09-01 00:00:00, 2021-12-01 00:00:00, 2021-10-01 00:00:00, 2021-10-01 00:00:00, 2021-08-30 00:00:00, 2021-08-05 00:00:00, 2021-05-10 00:00:00, 2020-08-01 00:00:00, 2019-10-27 00:00:00, 2017-01-01 00:00:00, 2015-07-01 00:00:00, 2015-06-01 00:00:00, 2014-01-01 00:00:00, "
31,Plumas,0.001776289738408,14930347.86624802,16253626.33561878,18951370.522154544,78.96913776646515,13.79310344827586,15.517241379310343,8405356144.0,2639.8274799,"Severe winter storms, Severe winter storms, Severe winter storms, Severe winter storms, Storm System, Storms, Drought, Fires (Dixie, Fly, and Tamarack Fires), Fires (Beckwourth Complex and Lava Fires), Fires (Beckwourth Complex and Lava Fires), Drought – Klamath River Watershed, Sacramento-San Joaquin Delta Watershed, and Tulare Lake Watershed, Fires, High winds and wildfires, Storm System, Wildfires, Wildfires, Drought, ","2023-03-01 00:00:00, 2023-02-01 00:00:00, 2023-01-01 00:00:00, 2022-12-27 00:00:00, 2022-06-12 00:00:00, 2021-10-01 00:00:00, 2021-10-01 00:00:00, 2021-07-23 00:00:00, 2021-07-01 00:00:00, 2021-06-01 00:00:00, 2021-05-10 00:00:00, 2020-08-01 00:00:00, 2019-10-27 00:00:00, 2017-01-01 00:00:00, 2015-07-01 00:00:00, 2015-06-01 00:00:00, 2014-01-01 00:00:00, "
32,Riverside,0.002282872929652,955920911.1675476,1190667489.1085763,1590497610.375964,99.93636652879412,98.27586206896552,94.82758620689656,418735926451.0,7376.80539999,"Hurricane Hilary, Severe winter storms, Severe winter storms, Severe winter storms, Severe winter storms, Tropical Storm Kay, Fires (Fairview and Mosquito Fires), Drought, Fires, High winds and wildfires, Wildfires (Eagle, Sandalwood, Reche, and Wolf fires), Winter storms, Winter storms, Wildfire (Holy Fire), Wildfires (Cranston & Carr Fire), Storm System, Wildfires, Wildfires, Rainstorms, Drought, Wildfire (Silver Fire), Wildfire (Mountain Fire), ","2023-08-20 00:00:00, 2023-03-01 00:00:00, 2023-02-01 00:00:00, 2023-01-01 00:00:00, 2022-12-27 00:00:00, 2022-09-09 00:00:00, 2022-09-01 00:00:00, 2021-10-01 00:00:00, 2020-08-01 00:00:00, 2019-10-27 00:00:00, 2019-10-10 00:00:00, 2019-02-01 00:00:00, 2019-01-01 00:00:00, 2018-08-01 00:00:00, 2018-07-01 00:00:00, 2017-01-01 00:00:00, 2015-07-01 00:00:00, 2015-06-01 00:00:00, 2015-07-18 00:00:00, 2014-01-01 00:00:00, 2013-08-07 00:00:00, 2013-07-15 00:00:00, "
33,Sacramento,0.000338246973076,89204829.21701235,171810097.70440277,209037794.74139643,97.6455615653834,65.51724137931035,70.6896551724138,263726910564.0,1004.40071433,"Severe winter storms, Severe winter storms, Severe winter storms, Severe winter storms, Winter Storms, Drought, Drought – Klamath River Watershed, Sacramento-San Joaquin Delta Watershed, and Tulare Lake Watershed, Fires, High winds and wildfires, Storm System, Wildfires, Wildfires, Drought, ","2023-03-01 00:00:00, 2023-02-01 00:00:00, 2023-01-01 00:00:00, 2022-12-27 00:00:00, 2021-12-01 00:00:00, 2021-10-01 00:00:00, 2021-05-10 00:00:00, 2020-08-01 00:00:00, 2019-10-27 00:00:00, 2017-01-01 00:00:00, 2015-07-01 00:00:00, 2015-06-01 00:00:00, 2014-01-01 00:00:00, "
34,San Benito,0.003539082187925,46857799.04334634,61793726.02696421,76474837.95948996,93.85937002863504,39.6551724137931,37.93103448275862,13240099143.0,1404.51105015,"Severe winter storms, Severe winter storms, Severe winter storms, Severe winter storms, Drought, Drought – Klamath River Watershed, Sacramento-San Joaquin Delta Watershed, and Tulare Lake Watershed, Fires, High winds and wildfires, Storm System, Wildfires, Wildfires, Drought, ","2023-03-01 00:00:00, 2023-02-01 00:00:00, 2023-01-01 00:00:00, 2022-12-27 00:00:00, 2021-10-01 00:00:00, 2021-05-10 00:00:00, 2020-08-01 00:00:00, 2019-10-27 00:00:00, 2017-01-01 00:00:00, 2015-07-01 00:00:00, 2015-06-01 00:00:00, 2014-01-01 00:00:00, "
35,San Bernardino,0.00233725812096,882565705.5747243,1137542458.041312,1523897374.020888,99.90454979319122,96.55172413793105,93.10344827586206,377607290209.0,20308.29540012,"Hurricane Hilary, Severe winter storms, Severe winter storms, Severe winter storms, Severe winter storms, Tropical Storm Kay, Winter Storms, Drought, Fires (Creek, El Dorado, and Valley Fires), Fires (Creek, El Dorado, and Valley Fires), Fires, High winds and wildfires, Earthquakes, Earthquakes, Winter storms, Winter storms, Monsoonal Rainstorms, Storm System, Wildfire (Blue Cut Fire), Wildfires, Wildfires, Rainstorms, Drought, ","2023-08-20 00:00:00, 2023-03-01 00:00:00, 2023-02-01 00:00:00, 2023-01-01 00:00:00, 2022-12-27 00:00:00, 2022-09-09 00:00:00, 2021-12-01 00:00:00, 2021-10-01 00:00:00, 2023-09-05 00:00:00, 2023-09-04 00:00:00, 2020-08-01 00:00:00, 2019-10-27 00:00:00, 2019-07-05 00:00:00, 2019-07-04 00:00:00, 2019-02-01 00:00:00, 2019-01-01 00:00:00, 2018-07-01 00:00:00, 2017-01-01 00:00:00, 2016-08-16 00:00:00, 2015-07-01 00:00:00, 2015-06-01 00:00:00, 2015-07-18 00:00:00, 2014-01-01 00:00:00, "
36,San Diego,0.001180539133902,671821241.0619893,799862388.2535374,959720165.3153406,99.68183264397072,89.65517241379311,89.65517241379311,569080026040.0,4571.49119037,"Hurricane Hilary, Severe winter storms, Severe winter storms, Severe winter storms, Severe winter storms, Drought, Fires (Creek, El Dorado, and Valley Fires), Fires (Creek, El Dorado, and Valley Fires), Fires, High winds and wildfires, Winter storms, Winter storms, Wildfire (West Fire), Wildfire (Lilac Fire), Storm System, Wildfires, Wildfires, Rainstorms, Wildfires, Drought, ","2023-08-20 00:00:00, 2023-03-01 00:00:00, 2023-02-01 00:00:00, 2023-01-01 00:00:00, 2022-12-27 00:00:00, 2021-10-01 00:00:00, 2023-09-05 00:00:00, 2023-09-04 00:00:00, 2020-08-01 00:00:00, 2019-10-27 00:00:00, 2019-02-01 00:00:00, 2019-01-01 00:00:00, 2018-07-01 00:00:00, 2017-12-01 00:00:00, 2017-01-01 00:00:00, 2015-07-01 00:00:00, 2015-06-01 00:00:00, 2015-07-18 00:00:00, 2014-05-13 00:00:00, 2014-01-01 00:00:00, "
37,San Francisco,0.001399011654038,216666906.6264225,306717285.48076767,336994912.77255523,98.91823098950049,77.58620689655173,79.3103448275862,154871409399.0,234.25501281,"Severe winter storms, Severe winter storms, Severe winter storms, Severe winter storms, Storms, Drought, Fires, High winds and wildfires, Storm System, Wildfires, Wildfires, Drought, Wildfire (Rim Fire), ","2023-03-01 00:00:00, 2023-02-01 00:00:00, 2023-01-01 00:00:00, 2022-12-27 00:00:00, 2021-10-01 00:00:00, 2021-10-01 00:00:00, 2020-08-01 00:00:00, 2019-10-27 00:00:00, 2017-01-01 00:00:00, 2015-07-01 00:00:00, 2015-06-01 00:00:00, 2014-01-01 00:00:00, 2013-08-17 00:00:00, "
38,San Joaquin,0.000790542664314,110352722.31407285,163925359.7331364,216316017.74927697,97.77282850779508,68.96551724137932,67.24137931034483,139591102790.0,1441.14756123,"Severe winter storms, Severe winter storms, Severe winter storms, Severe winter storms, Drought, Drought – Klamath River Watershed, Sacramento-San Joaquin Delta Watershed, and Tulare Lake Watershed, Fires, High winds and wildfires, Wildfires, Wildfires, Drought, ","2023-03-01 00:00:00, 2023-02-01 00:00:00, 2023-01-01 00:00:00, 2022-12-27 00:00:00, 2021-10-01 00:00:00, 2021-05-10 00:00:00, 2020-08-01 00:00:00, 2019-10-27 00:00:00, 2015-07-01 00:00:00, 2015-06-01 00:00:00, 2014-01-01 00:00:00, "
39,San Luis Obispo,0.000852426640737,53376953.54327457,66456913.16752531,70451761.503706,93.31848552338528,37.93103448275862,43.103448275862064,62617650590.0,3652.26853056,"Severe winter storms, Severe winter storms, Severe winter storms, Severe winter storms, Winter Storms, Drought, Drought, Winter Storms, Fires, High winds and wildfires, Storm System, Wildfire (Chimney Fire), Wildfires, Wildfires, Drought, ","2023-03-01 00:00:00, 2023-02-01 00:00:00, 2023-01-01 00:00:00, 2022-12-27 00:00:00, 2021-12-01 00:00:00, 2021-10-01 00:00:00, 2021-07-08 00:00:00, 2021-01-29 00:00:00, 2020-08-01 00:00:00, 2019-10-27 00:00:00, 2017-01-01 00:00:00, 2016-08-13 00:00:00, 2015-07-01 00:00:00, 2015-06-01 00:00:00, 2014-01-01 00:00:00, "
40,San Mateo,0.001924823459894,299059318.3711668,426995378.6761557,448904225.3044565,99.33184855233851,82.75862068965517,86.20689655172413,155369738889.0,748.4279197200002,"Severe winter storms, Severe winter storms, Severe winter storms, Severe winter storms, Winter Storms, Drought, Drought, Fires, High winds and wildfires, Winter storms, Winter storms, Storm System, Wildfires, Wildfires, Winter storms, Drought, ","2023-03-01 00:00:00, 2023-02-01 00:00:00, 2023-01-01 00:00:00, 2022-12-27 00:00:00, 2021-12-01 00:00:00, 2021-10-01 00:00:00, 2021-07-08 00:00:00, 2020-08-01 00:00:00, 2019-10-27 00:00:00, 2019-02-01 00:00:00, 2019-01-01 00:00:00, 2017-01-01 00:00:00, 2015-07-01 00:00:00, 2015-06-01 00:00:00, 2014-12-01 00:00:00, 2014-01-01 00:00:00, "
41,Santa Barbara,0.001587901598347,124576487.70916036,381123804.6734378,460842142.17946655,99.39548202354436,84.48275862068965,82.75862068965517,78453531276.0,3825.92875704,"Severe winter storms, Severe winter storms, Severe winter storms, Severe winter storms, Fire (Alisal Fire), Drought, Drought, Fires, High winds and wildfires, Winter storms, Winter storms, Wildfire (Holiday Fire), Wildfire (Thomas Fire), Wildfire (Alamo & Whittier Fire), Storm System, Wildfires, Wildfires, Oil spill, Drought, ","2023-03-01 00:00:00, 2023-02-01 00:00:00, 2023-01-01 00:00:00, 2022-12-27 00:00:00, 2022-07-01 00:00:00, 2021-10-01 00:00:00, 2021-07-08 00:00:00, 2020-08-01 00:00:00, 2019-10-27 00:00:00, 2019-02-01 00:00:00, 2019-01-01 00:00:00, 2018-07-01 00:00:00, 2017-12-01 00:00:00, 2017-07-01 00:00:00, 2017-01-01 00:00:00, 2015-07-01 00:00:00, 2015-06-01 00:00:00, 2015-05-19 00:00:00, 2014-01-01 00:00:00, "
42,Santa Clara,0.002319955887505,885264348.1506437,1219166642.596606,1351778298.5107565,99.84091632198536,93.10344827586206,98.27586206896552,381586715902.0,1317.2205423,"Severe winter storms, Severe winter storms, Severe winter storms, Severe winter storms, Drought, Drought, Fires, High winds and wildfires, Winter storms, Winter storms, Storm System, Wildfires, Wildfires, Drought, ","2023-03-01 00:00:00, 2023-02-01 00:00:00, 2023-01-01 00:00:00, 2022-12-27 00:00:00, 2021-10-01 00:00:00, 2021-07-08 00:00:00, 2020-08-01 00:00:00, 2019-10-27 00:00:00, 2019-02-01 00:00:00, 2019-01-01 00:00:00, 2017-01-01 00:00:00, 2015-07-01 00:00:00, 2015-06-01 00:00:00, 2014-01-01 00:00:00, "
43,Santa Cruz,0.002253713671309,123849813.20554183,168322252.58346543,198448719.87952527,97.61374482978049,63.793103448275865,68.96551724137932,54953659279.0,613.2897474600001,"Severe winter storms, Severe winter storms, Severe winter storms, Severe winter storms, Winter Storms, Drought, Drought, Fires, High winds and wildfires, Storm System, Rainstorms, Wildfires, Wildfires, Drought, ","2023-03-01 00:00:00, 2023-02-01 00:00:00, 2023-01-01 00:00:00, 2022-12-27 00:00:00, 2021-12-01 00:00:00, 2021-10-01 00:00:00, 2021-07-08 00:00:00, 2020-08-01 00:00:00, 2019-10-27 00:00:00, 2017-01-01 00:00:00, 2016-12-01 00:00:00, 2015-07-01 00:00:00, 2015-06-01 00:00:00, 2014-01-01 00:00:00, "
44,Shasta,0.001717608550238,64048212.558102034,81962766.7743319,103163968.98746504,95.2911231307668,46.55172413793103,51.72413793103448,37289178928.0,3886.2367206,"Severe winter storms, Severe winter storms, Severe winter storms, Severe winter storms, Drought, Fire (Fawn Fire), Fires (Dixie, McFarland and Monument Fires), Drought – Klamath River Watershed, Sacramento-San Joaquin Delta Watershed, and Tulare Lake Watershed, Fires (Glass and Zogg Fires), Fires, High winds and wildfires, Winter storms, Winter storms, Wildfires (Cranston & Carr Fire), Storm System, Rainstorms, Wildfires, Wildfires, Wildfires, Drought, Wildfire, ","2023-03-01 00:00:00, 2023-02-01 00:00:00, 2023-01-01 00:00:00, 2022-12-27 00:00:00, 2021-10-01 00:00:00, 2021-09-22 00:00:00, 2021-08-10 00:00:00, 2021-05-10 00:00:00, 2020-09-27 00:00:00, 2020-08-01 00:00:00, 2019-10-27 00:00:00, 2019-02-01 00:00:00, 2019-01-01 00:00:00, 2018-07-01 00:00:00, 2017-01-01 00:00:00, 2016-12-01 00:00:00, 2015-07-01 00:00:00, 2015-06-01 00:00:00, 2014-08-01 00:00:00, 2014-01-01 00:00:00, 2013-09-09 00:00:00, "
45,Sierra,0.003190901911615,3241264.982247279,3531203.4413748584,4296646.181059249,36.398345529748646,3.448275862068965,3.448275862068965,1015783334.0,971.87753988,"Severe winter storms, Severe winter storms, Severe winter storms, Severe winter storms, Winter Storms, Drought, Drought – Klamath River Watershed, Sacramento-San Joaquin Delta Watershed, and Tulare Lake Watershed, Fires, High winds and wildfires, Storm System, Wildfires, Wildfires, Drought, ","2023-03-01 00:00:00, 2023-02-01 00:00:00, 2023-01-01 00:00:00, 2022-12-27 00:00:00, 2021-12-01 00:00:00, 2021-10-01 00:00:00, 2021-05-10 00:00:00, 2020-08-01 00:00:00, 2019-10-27 00:00:00, 2017-01-01 00:00:00, 2015-07-01 00:00:00, 2015-06-01 00:00:00, 2014-01-01 00:00:00, "
46,Siskiyou,0.001479602031347,17186243.943224028,34179493.34006525,47650842.47559573,90.61406299713649,29.310344827586203,29.310344827586203,11615450357.0,6412.02238833,"Hurricane Hilary, Fires (Smith River Complex, Happy Camp Complex), Severe winter storms, Severe winter storms, Fires (Barnes, Fork, and Mountain Fires), Fire (Mill Fire), Fires (McKinney, China 2, and Evans fires), Drought, Fires (Antelope and River Fires), Fires (Beckwourth Complex and Lava Fires), Fires (Beckwourth Complex and Lava Fires), Drought – Klamath River Watershed, Sacramento-San Joaquin Delta Watershed, and Tulare Lake Watershed, Fires (Slater Fire and other fires), Fires, High winds and wildfires, Wildfire (Klamathon Fire), Storm System, Wildfires, Wildfires, Winter storms, Wildfires (King and Boles Fires), Wildfires, Drought, ","2023-08-20 00:00:00, 2023-08-15 00:00:00, 2023-01-01 00:00:00, 2022-12-27 00:00:00, 2022-09-01 00:00:00, 2022-09-01 00:00:00, 2022-07-01 00:00:00, 2021-10-01 00:00:00, 2021-08-05 00:00:00, 2021-07-01 00:00:00, 2021-06-01 00:00:00, 2021-05-10 00:00:00, 2020-09-08 00:00:00, 2020-08-01 00:00:00, 2019-10-27 00:00:00, 2018-07-01 00:00:00, 2017-01-01 00:00:00, 2015-07-01 00:00:00, 2015-06-01 00:00:00, 2015-02-06 00:00:00, 2014-09-17 00:00:00, 2014-08-01 00:00:00, 2014-01-01 00:00:00, "
47,Solano,0.001529694224404,125735044.60195708,207377621.20662388,243758135.36599696,98.21826280623608,74.13793103448275,75.86206896551725,82196194897.0,915.38734521,"Severe winter storms, Severe winter storms, Severe winter storms, Severe winter storms, Storms, Drought, Drought – Klamath River Watershed, Sacramento-San Joaquin Delta Watershed, and Tulare Lake Watershed, Fires, High winds and wildfires, Wildfire (Atlas), Storm System, Wildfires, Wildfires, Earthquake, Drought, ","2023-03-01 00:00:00, 2023-02-01 00:00:00, 2023-01-01 00:00:00, 2022-12-27 00:00:00, 2021-10-01 00:00:00, 2021-10-01 00:00:00, 2021-05-10 00:00:00, 2020-08-01 00:00:00, 2019-10-27 00:00:00, 2017-10-01 00:00:00, 2017-01-01 00:00:00, 2015-07-01 00:00:00, 2015-06-01 00:00:00, 2014-08-24 00:00:00, 2014-01-01 00:00:00, "
48,Sonoma,0.002069308893296,216471444.88535005,332662982.07867235,379595361.49068016,99.17276487432387,81.03448275862067,81.03448275862067,104610503336.0,1785.7891077,"Severe winter storms, Severe winter storms, Severe winter storms, Severe winter storms, Storms, Drought, Drought – Russian River Watershed, Fires (Glass and Zogg Fires), Fires, High winds and wildfires, Wildfires (Kincade and Tick Fires), Winter storms, Winter storms, Wildfires (Tubbs & Atlas Fire), Storm System, Wildfires, Wildfires, Earthquake, Drought, ","2023-03-01 00:00:00, 2023-02-01 00:00:00, 2023-01-01 00:00:00, 2022-12-27 00:00:00, 2021-10-01 00:00:00, 2021-10-01 00:00:00, 2021-04-21 00:00:00, 2020-09-27 00:00:00, 2020-08-01 00:00:00, 2019-10-27 00:00:00, 2019-10-25 00:00:00, 2019-02-01 00:00:00, 2019-01-01 00:00:00, 2017-10-01 00:00:00, 2017-01-01 00:00:00, 2015-07-01 00:00:00, 2015-06-01 00:00:00, 2014-08-24 00:00:00, 2014-01-01 00:00:00, "
49,Stanislaus,0.000582808211175,58543515.81203118,82649188.09853299,118405366.67368364,95.8001909004136,53.44827586206896,53.44827586206896,100450739522.0,1529.19743613,"Severe winter storms, Severe winter storms, Severe winter storms, Severe winter storms, Drought, Drought – Klamath River Watershed, Sacramento-San Joaquin Delta Watershed, and Tulare Lake Watershed, Fires, High winds and wildfires, Winter Storms, Storm System, Wildfires, Wildfires, Drought, ","2023-03-01 00:00:00, 2023-02-01 00:00:00, 2023-01-01 00:00:00, 2022-12-27 00:00:00, 2021-10-01 00:00:00, 2021-05-10 00:00:00, 2020-08-01 00:00:00, 2019-10-27 00:00:00, 2018-03-01 00:00:00, 2017-01-01 00:00:00, 2015-07-01 00:00:00, 2015-06-01 00:00:00, 2014-01-01 00:00:00, "
50,Sutter,0.000814570705858,13902000.929312514,92826817.48605664,126199635.2117278,96.05472478523704,56.896551724137936,55.172413793103445,17066659566.0,614.55694716,"Severe winter storms, Severe winter storms, Drought, Drought – Klamath River Watershed, Sacramento-San Joaquin Delta Watershed, and Tulare Lake Watershed, Fires, High winds and wildfires, Lake Oroville Dam Erosion and Flooding, Storm System, Wildfires, Wildfires, Drought, ","2023-01-01 00:00:00, 2022-12-27 00:00:00, 2021-10-01 00:00:00, 2021-05-10 00:00:00, 2020-08-01 00:00:00, 2019-10-27 00:00:00, 2017-02-01 00:00:00, 2017-01-01 00:00:00, 2015-07-01 00:00:00, 2015-06-01 00:00:00, 2014-01-01 00:00:00, "
51,Tehama,0.001579873980017,20252447.16062367,44132900.573847964,66951896.66195623,93.06395163856187,36.206896551724135,32.758620689655174,12819026971.0,2992.07865996,"Severe winter storms, Severe winter storms, Storm System, Drought, Fires (Dixie, McFarland and Monument Fires), Drought – Klamath River Watershed, Sacramento-San Joaquin Delta Watershed, and Tulare Lake Watershed, Fires, High winds and wildfires, Winter storms, Winter storms, Storm System, Wildfires, Wildfires, Drought, ","2023-01-01 00:00:00, 2022-12-27 00:00:00, 2022-06-12 00:00:00, 2021-10-01 00:00:00, 2021-08-10 00:00:00, 2021-05-10 00:00:00, 2020-08-01 00:00:00, 2019-10-27 00:00:00, 2019-02-01 00:00:00, 2019-01-01 00:00:00, 2017-01-01 00:00:00, 2015-07-01 00:00:00, 2015-06-01 00:00:00, 2014-01-01 00:00:00, "
52,Trinity,0.001887428811448,6973732.877977593,8199414.23284069,11909348.39536211,69.869551384028,6.896551724137931,5.172413793103448,3694832269.0,3239.9924817,"Severe winter storms, Severe winter storms, Severe winter storms, Severe winter storms, Winter Storms, Storms, Drought, Fires (Dixie, McFarland and Monument Fires), Drought – Klamath River Watershed, Sacramento-San Joaquin Delta Watershed, and Tulare Lake Watershed, Fires, High winds and wildfires, Winter storms, Winter storms, Wildfire (Helena Fire), Storm System, Rainstorms, Wildfires, Wildfires, Drought, ","2023-03-01 00:00:00, 2023-02-01 00:00:00, 2023-01-01 00:00:00, 2022-12-27 00:00:00, 2021-12-01 00:00:00, 2021-10-01 00:00:00, 2021-10-01 00:00:00, 2021-08-10 00:00:00, 2021-05-10 00:00:00, 2020-08-01 00:00:00, 2019-10-27 00:00:00, 2019-02-01 00:00:00, 2019-01-01 00:00:00, 2017-08-01 00:00:00, 2017-01-01 00:00:00, 2016-12-01 00:00:00, 2015-07-01 00:00:00, 2015-06-01 00:00:00, 2014-01-01 00:00:00, "
53,Tulare,0.000485474281627,36155056.73166772,75528558.32124412,117045494.29744346,95.7683741648107,51.72413793103448,50.0,74473680893.0,4887.1296696300005,"Hurricane Hilary, Severe winter storms, Severe winter storms, Severe winter storms, Severe winter storms, Drought, Drought – Klamath River Watershed, Sacramento-San Joaquin Delta Watershed, and Tulare Lake Watershed, Fires, High winds and wildfires, Winter Storms, Wildfires ( Railroad Fire, Pier Fire, Mission Fire, and Peak Fire), Storm System, Wildfires, Wildfires, Drought, ","2023-08-20 00:00:00, 2023-03-01 00:00:00, 2023-02-01 00:00:00, 2023-01-01 00:00:00, 2022-12-27 00:00:00, 2021-10-01 00:00:00, 2021-05-10 00:00:00, 2020-08-01 00:00:00, 2019-10-27 00:00:00, 2018-03-01 00:00:00, 2017-09-01 00:00:00, 2017-01-01 00:00:00, 2015-07-01 00:00:00, 2015-06-01 00:00:00, 2014-01-01 00:00:00, "
54,Tuolumne,0.001838940833832,22935138.400352508,24320122.162323903,28111795.6791725,85.77791918549157,22.41379310344828,20.6896551724138,12471928394.0,2297.41280925,"Severe winter storms, Severe winter storms, Severe winter storms, Severe winter storms, Drought, Drought – Klamath River Watershed, Sacramento-San Joaquin Delta Watershed, and Tulare Lake Watershed, Fires, High winds and wildfires, Storm System, Wildfires, Wildfires, Drought, Wildfire (Rim Fire), ","2023-03-01 00:00:00, 2023-02-01 00:00:00, 2023-01-01 00:00:00, 2022-12-27 00:00:00, 2021-10-01 00:00:00, 2021-05-10 00:00:00, 2020-08-01 00:00:00, 2019-10-27 00:00:00, 2017-01-01 00:00:00, 2015-07-01 00:00:00, 2015-06-01 00:00:00, 2014-01-01 00:00:00, 2013-08-17 00:00:00, "
55,Ventura,0.002046865672057,309841537.5656564,395627535.8236621,483101626.6729162,99.42729875914728,86.20689655172413,84.48275862068965,151373654752.0,2228.83747944,"Hurricane Hilary, Severe winter storms, Severe winter storms, Severe winter storms, Severe winter storms, Drought, Fires, High winds and wildfires, Winter storms, Winter storms, Wildfire (Hill & Woolsey Fires), Wildfire (Thomas Fire), Storm System, Wildfires, Wildfires, Winter storms, Drought, ","2023-08-20 00:00:00, 2023-03-01 00:00:00, 2023-02-01 00:00:00, 2023-01-01 00:00:00, 2022-12-27 00:00:00, 2021-10-01 00:00:00, 2020-08-01 00:00:00, 2019-10-27 00:00:00, 2019-02-01 00:00:00, 2019-01-01 00:00:00, 2018-11-01 00:00:00, 2017-12-01 00:00:00, 2017-01-01 00:00:00, 2015-07-01 00:00:00, 2015-06-01 00:00:00, 2014-12-01 00:00:00, 2014-01-01 00:00:00, "
56,Yolo,0.000823058862343,34958849.13395388,148071608.24289316,185952052.6858896,97.35921094495704,62.068965517241374,63.793103448275865,42474300118.0,1033.89901329,"Severe winter storms, Severe winter storms, Severe winter storms, Severe winter storms, Drought, Drought – Klamath River Watershed, Sacramento-San Joaquin Delta Watershed, and Tulare Lake Watershed, Fires, High winds and wildfires, Winter storms, Winter storms, Storm System, Wildfires, Wildfires, Drought, ","2023-03-01 00:00:00, 2023-02-01 00:00:00, 2023-01-01 00:00:00, 2022-12-27 00:00:00, 2021-10-01 00:00:00, 2021-05-10 00:00:00, 2020-08-01 00:00:00, 2019-10-27 00:00:00, 2019-02-01 00:00:00, 2019-01-01 00:00:00, 2017-01-01 00:00:00, 2015-07-01 00:00:00, 2015-06-01 00:00:00, 2014-01-01 00:00:00, "
57,Yuba,0.000828232055523,10633912.736672012,31628824.44278471,40090082.297935486,89.02322621699014,25.86206896551724,25.86206896551724,12839291435.0,650.50906362,"Severe winter storms, Severe winter storms, Severe winter storms, Severe winter storms, Drought, Drought – Klamath River Watershed, Sacramento-San Joaquin Delta Watershed, and Tulare Lake Watershed, Fires, High winds and wildfires, Wildfires (Tubbs & Atlas Fire), Lake Oroville Dam Erosion and Flooding, Storm System, Wildfires, Wildfires, Drought, ","2023-03-01 00:00:00, 2023-02-01 00:00:00, 2023-01-01 00:00:00, 2022-12-27 00:00:00, 2021-10-01 00:00:00, 2021-05-10 00:00:00, 2020-08-01 00:00:00, 2019-10-27 00:00:00, 2017-10-01 00:00:00, 2017-02-01 00:00:00, 2017-01-01 00:00:00, 2015-07-01 00:00:00, 2015-06-01 00:00:00, 2014-01-01 00:00:00, "
